Feature,Importance
pm25,0.43970669670250656
pm10,0.3612934917648559
co,0.05215515759320353
no2,0.0492062155070608
o3,0.022933713176020856
temperature,0.019377896088028368
humidity,0.017589087570420704
wind_speed,0.015871688742838366
hour,0.012207654279399544
day_of_week,0.009658398575665418
