Model,Test RMSE,Test R²,Test MAE,CV R² Mean
Linear Regression,8.989771633421443,0.8866644182060989,7.145744140760391,0.8454703294991095
Random Forest,11.416411786418992,0.8172201949269046,9.05676974133919,0.7772565550104181
Gradient Boosting,10.135849835965978,0.8559247788426775,8.060796656745442,0.8011767827023271
Support Vector Regression,11.312508318887481,0.8205320994075936,9.162388104788743,0.7583058791089715
